[{"model": "contacts.person", "pk": 1, "fields": {"first_name": "first test name", "second_name": "second test surname"}}, {"model": "contacts.person", "pk": 2, "fields": {"first_name": "second stest name", "second_name": "second test surname"}}, {"model": "contacts.person", "pk": 3, "fields": {"first_name": "third tstest name", "second_name": "third test surname"}}, {"model": "contacts.person", "pk": 4, "fields": {"first_name": "fourth tstest name", "second_name": "fourth test surname"}}, {"model": "contacts.person", "pk": 5, "fields": {"first_name": "fifth tstest name", "second_name": "fifth test surname"}}, {"model": "contacts.person", "pk": 6, "fields": {"first_name": "test name 7", "second_name": "test surname 7"}}, {"model": "contacts.person", "pk": 7, "fields": {"first_name": "test name 8", "second_name": "test surname 8"}}, {"model": "contacts.person", "pk": 8, "fields": {"first_name": "test name 9", "second_name": "test surname 9"}}, {"model": "contacts.person", "pk": 9, "fields": {"first_name": "test name 10", "second_name": "test surname 10"}}, {"model": "contacts.person", "pk": 10, "fields": {"first_name": "test name 11", "second_name": "test surname 11"}}, {"model": "contacts.person", "pk": 11, "fields": {"first_name": "test name 12", "second_name": "test surname 12"}}, {"model": "contacts.person", "pk": 12, "fields": {"first_name": "test name 13", "second_name": "test surname 13"}}, {"model": "contacts.person", "pk": 13, "fields": {"first_name": "test name 14", "second_name": "test surname 14"}}, {"model": "contacts.person", "pk": 14, "fields": {"first_name": "test name 14", "second_name": "test surname 15"}}, {"model": "contacts.person", "pk": 15, "fields": {"first_name": "test name 15", "second_name": "test surname 15"}}, {"model": "contacts.person", "pk": 16, "fields": {"first_name": "test name 16", "second_name": "test surname 16"}}, {"model": "contacts.person", "pk": 17, "fields": {"first_name": "test name 17", "second_name": "test surname 17"}}, {"model": "contacts.person", "pk": 18, "fields": {"first_name": "test name 18", "second_name": "test surname 18"}}, {"model": "contacts.person", "pk": 19, "fields": {"first_name": "test name 19", "second_name": "test surname 19"}}, {"model": "contacts.person", "pk": 20, "fields": {"first_name": "test name 20", "second_name": "test surname 20"}}, {"model": "contacts.person", "pk": 21, "fields": {"first_name": "test name 21", "second_name": "test surname 21"}}, {"model": "contacts.email", "pk": 1, "fields": {"address": "test1@t.pl", "person": 1}}, {"model": "contacts.email", "pk": 2, "fields": {"address": "test2@t.pl", "person": 2}}, {"model": "contacts.email", "pk": 3, "fields": {"address": "test3@t.pl", "person": 3}}, {"model": "contacts.email", "pk": 4, "fields": {"address": "test4@t.pl", "person": 4}}, {"model": "contacts.email", "pk": 5, "fields": {"address": "test5@t.pl", "person": 5}}, {"model": "contacts.email", "pk": 6, "fields": {"address": "test6@t.pl", "person": 6}}, {"model": "contacts.email", "pk": 7, "fields": {"address": "test7@t.pl", "person": 7}}, {"model": "contacts.email", "pk": 8, "fields": {"address": "test777@t.pl", "person": 7}}, {"model": "contacts.email", "pk": 9, "fields": {"address": "test8@t.pl", "person": 8}}, {"model": "contacts.email", "pk": 10, "fields": {"address": "test9@t.pl", "person": 9}}, {"model": "contacts.email", "pk": 11, "fields": {"address": "test10@t.pl", "person": 10}}, {"model": "contacts.email", "pk": 12, "fields": {"address": "test11@t.pl", "person": 11}}, {"model": "contacts.email", "pk": 13, "fields": {"address": "test12@t.pl", "person": 12}}, {"model": "contacts.email", "pk": 14, "fields": {"address": "test13@t.pl", "person": 13}}, {"model": "contacts.email", "pk": 15, "fields": {"address": "test14@t.pl", "person": 14}}, {"model": "contacts.email", "pk": 16, "fields": {"address": "test15@t.pl", "person": 15}}, {"model": "contacts.email", "pk": 17, "fields": {"address": "test16@t.pl", "person": 16}}, {"model": "contacts.email", "pk": 18, "fields": {"address": "test17@t.pl", "person": 17}}, {"model": "contacts.email", "pk": 19, "fields": {"address": "test18@t.pl", "person": 18}}, {"model": "contacts.email", "pk": 20, "fields": {"address": "test19@t.pl", "person": 19}}, {"model": "contacts.phone", "pk": 1, "fields": {"number": 124879879879, "person": 1}}, {"model": "contacts.phone", "pk": 2, "fields": {"number": 1248798798379, "person": 2}}, {"model": "contacts.phone", "pk": 3, "fields": {"number": 12428798798379, "person": 3}}, {"model": "contacts.phone", "pk": 4, "fields": {"number": 12428798379, "person": 4}}, {"model": "contacts.phone", "pk": 5, "fields": {"number": 1228798379, "person": 5}}, {"model": "contacts.phone", "pk": 6, "fields": {"number": 56758878, "person": 6}}, {"model": "contacts.phone", "pk": 7, "fields": {"number": 567588783, "person": 7}}, {"model": "contacts.phone", "pk": 8, "fields": {"number": 56734783, "person": 8}}, {"model": "contacts.phone", "pk": 9, "fields": {"number": 98595345, "person": 9}}, {"model": "contacts.phone", "pk": 10, "fields": {"number": 9855345, "person": 10}}, {"model": "contacts.phone", "pk": 11, "fields": {"number": 98553455, "person": 11}}, {"model": "contacts.phone", "pk": 12, "fields": {"number": 78553455, "person": 12}}, {"model": "contacts.phone", "pk": 13, "fields": {"number": 38553455, "person": 13}}, {"model": "contacts.phone", "pk": 14, "fields": {"number": 3855345325, "person": 14}}, {"model": "contacts.phone", "pk": 15, "fields": {"number": 38553451325, "person": 14}}, {"model": "contacts.phone", "pk": 16, "fields": {"number": 98553451325, "person": 15}}, {"model": "contacts.phone", "pk": 17, "fields": {"number": 9855345132325, "person": 16}}, {"model": "contacts.phone", "pk": 18, "fields": {"number": 98553455565, "person": 17}}, {"model": "contacts.phone", "pk": 19, "fields": {"number": 9855345455, "person": 18}}, {"model": "contacts.phone", "pk": 20, "fields": {"number": 7695065, "person": 19}}, {"model": "contacts.phone", "pk": 21, "fields": {"number": 76950565, "person": 20}}, {"model": "contacts.phone", "pk": 22, "fields": {"number": 769350565, "person": 21}}]